Report ID:  SR201,Loyola University Chicago,Page No.,1,of,30
Schedule of Classes for Spring 2017,Run Date:,11/11/2016
Campus: Lake Shore Campus   Location: Lake Shore Campus,Run Time:,13:49:55
Regular Academic Session
College of Arts and Sciences - Computer Science - Subject: Computer Science

____________________________________________________________________________________________________________________________________________________________,Subject,Catalog Nbr,Section,Class Nbr,Course Title,Component,Units,Topics
COMP, 111,01W,4308,History of Computing,Lecture,3,,
,,,,,,(Blended)
Bldg:,Information Commons,Room:,216,Days:,MWF,Time:,11:30AM-12:20,Instructor:,"Thiruvathukal,George"
Class Enrl Cap:,22,Class Enrl Tot:,21,Class Wait Cap:,0,Class Wait Tot:,0,Class Min Enrl:,0
Attributes:,CORE PRE-2012 Historical Knowledge
Room Characteristics:,Electronic Classroom(1)
,,,,
"*This is a writing intensive course.*  This course is blended/online (33%).  MW meetings are on-campus, and F meetings are online and asynchronous.  This"
course is restricted to undergraduate students.  Graduate students wishing to enroll in a section of this course should contact their departmental graduate
advisor.
____________________________________________________________________________________________________________________________________________________________,
COMP, 125,001,2799,Visual Information Processing,Laboratory,3,,
,,,,,,(In person)
Bldg:,Crown Center,Room:,105,Days:,TuTh,Time:,01:00PM-02:15,Instructor:,"Wetzel,David"
Class Enrl Cap:,24,Class Enrl Tot:,20,Class Wait Cap:,0,Class Wait Tot:,0,Class Min Enrl:,0
Attributes:,Quantitative Knowledge
Room Characteristics:,Lab - Computer(1)

This course is restricted to undergraduate students.  Graduate students wishing to enroll in a section of this course should contact their departmental
graduate advisor.
____________________________________________________________________________________________________________________________________________________________,
COMP, 125,002,2910,Visual Information Processing,Laboratory,3,,
,,,,,,(In person)
Bldg:,Crown Center,Room:,105,Days:,MWF,Time:,10:25AM-11:15,Instructor:,"Thiruvathukal,George"
Class Enrl Cap:,24,Class Enrl Tot:,24,Class Wait Cap:,0,Class Wait Tot:,0,Class Min Enrl:,0
Attributes:,Quantitative Knowledge
Room Characteristics:,Lab - Computer(1)

This course is restricted to undergraduate students.  Graduate students wishing to enroll in a section of this course should contact their departmental
graduate advisor.
____________________________________________________________________________________________________________________________________________________________,
COMP, 150,001,2800,Introduction to Computing,Lecture,3,,
,,,,,,(In person)
Bldg:,Crown Center,Room:,105,Days:,MWF,Time:,11:30AM-12:20,Instructor:,"Streeter,Jason E"
Class Enrl Cap:,24,Class Enrl Tot:,21,Class Wait Cap:,0,Class Wait Tot:,0,Class Min Enrl:,0
Attributes:,Quantitative Knowledge
Class Equivalents:,ACCOMP 150/COMP 150
Room Characteristics:,Lab - Computer(1)

This course is restricted to undergraduate students.  Graduate students wishing to enroll in a section of this course should contact their departmental
graduate advisor.
____________________________________________________________________________________________________________________________________________________________,
,,,,,,,,
Report ID:  SR201,Loyola University Chicago,Page No.,2,of,30
Schedule of Classes for Spring 2017,Run Date:,11/11/2016
Campus: Lake Shore Campus   Location: Lake Shore Campus,Run Time:,13:49:55
Regular Academic Session
College of Arts and Sciences - Computer Science - Subject: Computer Science

____________________________________________________________________________________________________________________________________________________________,Subject,Catalog Nbr,Section,Class Nbr,Course Title,Component,Units,Topics
COMP, 150,002,2803,Introduction to Computing,Lecture,3,,
,,,,,,(In person)
Bldg:,Inst for Environment,Room:,111,Days:,MW,Time:,04:15PM-05:30,Instructor:,"Tuckey,Curtis D"
Class Enrl Cap:,24,Class Enrl Tot:,17,Class Wait Cap:,0,Class Wait Tot:,0,Class Min Enrl:,0
Attributes:,Quantitative Knowledge
Class Equivalents:,ACCOMP 150/COMP 150
Room Characteristics:,Electronic Classroom(1)
,,,,
This course is restricted to undergraduate students.  Graduate students wishing to enroll in a section of this course should contact their departmental
graduate advisor.
____________________________________________________________________________________________________________________________________________________________,
COMP, 150,003,2804,Introduction to Computing,Lecture,3,,
,,,,,,(In person)
Bldg:,Crown Center,Room:,103,Days:,MW,Time:,12:10PM-01:25,Instructor:,"Wheeler,Heather E."
Class Enrl Cap:,24,Class Enrl Tot:,24,Class Wait Cap:,0,Class Wait Tot:,0,Class Min Enrl:,0
Attributes:,Quantitative Knowledge
Class Equivalents:,ACCOMP 150/COMP 150
Room Characteristics:,Lab - Computer(1)

This course is restricted to undergraduate students.  Graduate students wishing to enroll in a section of this course should contact their departmental
graduate advisor.
____________________________________________________________________________________________________________________________________________________________,
COMP, 163,001,3383,Discrete Structures,Lecture,3,,
,,,,,,(Blended)
Bldg:,Cuneo Hall,Room:,324,Days:,MW,Time:,02:45PM-04:00,Instructor:,"Noquez,Victoria"
Class Enrl Cap:,30,Class Enrl Tot:,30,Class Wait Cap:,0,Class Wait Tot:,0,Class Min Enrl:,0
Attributes:,"Quantitative Knowledge, Bioinformatics"
Class Equivalents:,COMP211/COMP163
Room Characteristics:,Electronic Classroom(1)
,,,,
"This course is offered in a blended format, with about the final third of class sessions to be held online.  Class sessions during the first two thirds of"
the term will meet on campus as scheduled.  Details on schedule and format of the online sessions will be provided as part of the course syllabus at the
beginning of the term.



This course is primarily intended to serve certain majors and minors.  Students wishing to satisfy Core requirements in the Quantitative Analysis knowledge
area are encouraged to enroll in COMP 125 or COMP 150 instead.  This course is restricted to undergraduate students.  Graduate students wishing to enroll in
a section of this course should contact their departmental graduate advisor.
____________________________________________________________________________________________________________________________________________________________,
,,,,,,,,
Report ID:  SR201,Loyola University Chicago,Page No.,3,of,30
Schedule of Classes for Spring 2017,Run Date:,11/11/2016
Campus: Lake Shore Campus   Location: Lake Shore Campus,Run Time:,13:49:55
Regular Academic Session
College of Arts and Sciences - Computer Science - Subject: Computer Science

____________________________________________________________________________________________________________________________________________________________,Subject,Catalog Nbr,Section,Class Nbr,Course Title,Component,Units,Topics
COMP, 163,002,4232,Discrete Structures,Lecture,3,,
,,,,,,(Blended)
Bldg:,Cuneo Hall,Room:,324,Days:,MW,Time:,04:15PM-05:30,Instructor:,"Noquez,Victoria"
Class Enrl Cap:,30,Class Enrl Tot:,30,Class Wait Cap:,0,Class Wait Tot:,0,Class Min Enrl:,0
Attributes:,"Quantitative Knowledge, Bioinformatics"
Class Equivalents:,COMP211/COMP163
Room Characteristics:,Electronic Classroom(1)
,,,,
"This course is offered in a blended format, with about the final third of class sessions to be held online.  Class sessions during the first two thirds of"
the term will meet on campus as scheduled.  Details on schedule and format of the online sessions will be provided as part of the course syllabus at the
beginning of the term.



This course is primarily intended to serve certain majors and minors.  Students wishing to satisfy Core requirements in the Quantitative Analysis knowledge
area are encouraged to enroll in COMP 125 or COMP 150 instead.  This course is restricted to undergraduate students.  Graduate students wishing to enroll in
a section of this course should contact their departmental graduate advisor.
____________________________________________________________________________________________________________________________________________________________,
COMP, 170,001,3213,Intro Obj-Oriented Prog,Lecture,3,,
,,,,,,(In person)
Bldg:,Crown Center,Room:,103,Days:,TuTh,Time:,10:00AM-11:15,Instructor:,"Yacobellis,Robert"
Class Enrl Cap:,45,Class Enrl Tot:,27,Class Wait Cap:,0,Class Wait Tot:,0,Class Min Enrl:,0
Attributes:,Bioinformatics
Class Equivalents:,COMP170/ISOM/INFS370
Room Characteristics:,Lab - Computer(1)

Restricted to Engineering Science students.  Students from other schools must register for one of the other sections of this course.  Students enrolled in
COMP 170-001 (Lecture) will be automatically enrolled in COMP 170-01L (Lab).  This course is restricted to undergraduate students.  Graduate students
wishing to enroll in a section of this course should contact their departmental graduate advisor.
____________________________________________________________________________________________________________________________________________________________,
COMP, 170,002,3214,Intro Obj-Oriented Prog,Lecture,3,,
,,,,,,(In person)
Bldg:,Crown Center,Room:,103,Days:,MW,Time:,10:25AM-11:40,Instructor:,"Dligach,Dmitriy"
Class Enrl Cap:,24,Class Enrl Tot:,23,Class Wait Cap:,0,Class Wait Tot:,0,Class Min Enrl:,0
Attributes:,Bioinformatics
Class Equivalents:,COMP170/ISOM/INFS370
Room Characteristics:,Lab - Computer(1)

This course is restricted to students in the College of Arts and Sciences.  Students from other schools specifically wishing to enroll in COMP 170 should
contact the Computer Science Department to request an enrollment override.  Students enrolled in COMP 170-002 (Lecture) will be automatically enrolled in
COMP 170-02L (Lab).  This course is restricted to undergraduate students.  Graduate students wishing to enroll in a section of this course should contact
their departmental graduate advisor.
____________________________________________________________________________________________________________________________________________________________,
,,,,,,,,
Report ID:  SR201,Loyola University Chicago,Page No.,4,of,30
Schedule of Classes for Spring 2017,Run Date:,11/11/2016
Campus: Lake Shore Campus   Location: Lake Shore Campus,Run Time:,13:49:55
Regular Academic Session
College of Arts and Sciences - Computer Science - Subject: Computer Science

____________________________________________________________________________________________________________________________________________________________,Subject,Catalog Nbr,Section,Class Nbr,Course Title,Component,Units,Topics
COMP, 170,003,3216,Intro Obj-Oriented Prog,Lecture,3,,
,,,,,,(In person)
Bldg:,Crown Center,Room:,105,Days:,TuTh,Time:,11:30AM-12:45,Instructor:,"Honig,William"
Class Enrl Cap:,24,Class Enrl Tot:,22,Class Wait Cap:,0,Class Wait Tot:,0,Class Min Enrl:,0
Attributes:,Bioinformatics
Class Equivalents:,COMP170/ISOM/INFS370
Room Characteristics:,Lab - Computer(1)

This course is restricted to students in the College of Arts and Sciences.  Students from other schools specifically wishing to enroll in COMP 170 should
contact the Computer Science Department to request an enrollment override.  Students enrolled in COMP 170-003 (Lecture) will be automatically enrolled in
COMP 170-03L (Lab).  This course is restricted to undergraduate students.  Graduate students wishing to enroll in a section of this course should contact
their departmental graduate advisor.
____________________________________________________________________________________________________________________________________________________________,
COMP, 170,004,3375,Intro Obj-Oriented Prog,Lecture,3,,
,,,,,,(In person)
Bldg:,Cuneo Hall,Room:,111,Days:,MW,Time:,12:10PM-01:25,Instructor:,"Dligach,Dmitriy"
Class Enrl Cap:,24,Class Enrl Tot:,13,Class Wait Cap:,0,Class Wait Tot:,0,Class Min Enrl:,0
Attributes:,Bioinformatics
Class Equivalents:,COMP170/ISOM/INFS370
Room Characteristics:,Lab - Computer(1)

This course is restricted to students in the College of Arts and Sciences.  Students from other schools specifically wishing to enroll in COMP 170 should
contact the Computer Science Department to request an enrollment override.  Students enrolled in COMP 170-004 (Lecture) will be automatically enrolled in
COMP 170-04L (Lab).  This course is restricted to undergraduate students.  Graduate students wishing to enroll in a section of this course should contact
their departmental graduate advisor.
____________________________________________________________________________________________________________________________________________________________,
COMP, 170,01L,3681,Intro Obj-Oriented Prog,Laboratory,3,,
,,,,,,(In person)
Bldg:,Crown Center,Room:,103,Days:,TuTh,Time:,11:30AM-11:55,Instructor:,"Yacobellis,Robert"
Class Enrl Cap:,45,Class Enrl Tot:,27,Class Wait Cap:,0,Class Wait Tot:,0,Class Min Enrl:,0
Attributes:,Bioinformatics
Class Equivalents:,COMP170/ISOM/INFS370
Room Characteristics:,Lab - Computer(1)

Restricted to Engineering Science students.  Students from other schools must register for one of the other sections of this course.  Students enrolled in
COMP 170-001 (Lecture) will be automatically enrolled in COMP 170-01L (Lab).  This course is restricted to undergraduate students.  Graduate students
wishing to enroll in a section of this course should contact their departmental graduate advisor.
____________________________________________________________________________________________________________________________________________________________,
,,,,,,,,
Report ID:  SR201,Loyola University Chicago,Page No.,5,of,30
Schedule of Classes for Spring 2017,Run Date:,11/11/2016
Campus: Lake Shore Campus   Location: Lake Shore Campus,Run Time:,13:49:55
Regular Academic Session
College of Arts and Sciences - Computer Science - Subject: Computer Science

____________________________________________________________________________________________________________________________________________________________,Subject,Catalog Nbr,Section,Class Nbr,Course Title,Component,Units,Topics
COMP, 170,02L,3682,Intro Obj-Oriented Prog,Laboratory,3,,
,,,,,,(In person)
Bldg:,Crown Center,Room:,103,Days:,F,Time:,10:25AM-11:15,Instructor:,"Dligach,Dmitriy"
Class Enrl Cap:,24,Class Enrl Tot:,23,Class Wait Cap:,0,Class Wait Tot:,0,Class Min Enrl:,0
Attributes:,Bioinformatics
Class Equivalents:,COMP170/ISOM/INFS370
Room Characteristics:,Lab - Computer(1)

This course is restricted to students in the College of Arts and Sciences.  Students from other schools specifically wishing to enroll in COMP 170 should
contact the Computer Science Department to request an enrollment override.  Students enrolled in COMP 170-002 (Lecture) will be automatically enrolled in
COMP 170-02L (Lab).  This course is restricted to undergraduate students.  Graduate students wishing to enroll in a section of this course should contact
their departmental graduate advisor.
____________________________________________________________________________________________________________________________________________________________,
COMP, 170,03L,3683,Intro Obj-Oriented Prog,Laboratory,3,,
,,,,,,(In person)
Bldg:,Crown Center,Room:,105,Days:,TuTh,Time:,10:50AM-11:15,Instructor:,"Honig,William"
Class Enrl Cap:,24,Class Enrl Tot:,22,Class Wait Cap:,0,Class Wait Tot:,0,Class Min Enrl:,0
Attributes:,Bioinformatics
Class Equivalents:,COMP170/ISOM/INFS370
Room Characteristics:,Lab - Computer(1)

This course is restricted to students in the College of Arts and Sciences.  Students from other schools specifically wishing to enroll in COMP 170 should
contact the Computer Science Department to request an enrollment override.  Students enrolled in COMP 170-003 (Lecture) will be automatically enrolled in
COMP 170-03L (Lab).  This course is restricted to undergraduate students.  Graduate students wishing to enroll in a section of this course should contact
their departmental graduate advisor.
____________________________________________________________________________________________________________________________________________________________,
COMP, 170,04L,3684,Intro Obj-Oriented Prog,Laboratory,3,,
,,,,,,(In person)
Bldg:,Cuneo Hall,Room:,111,Days:,F,Time:,12:35PM-01:25,Instructor:,"Dligach,Dmitriy"
Class Enrl Cap:,24,Class Enrl Tot:,13,Class Wait Cap:,0,Class Wait Tot:,0,Class Min Enrl:,0
Attributes:,Bioinformatics
Class Equivalents:,COMP170/ISOM/INFS370
Room Characteristics:,Lab - Computer(1)

This course is restricted to students in the College of Arts and Sciences.  Students from other schools specifically wishing to enroll in COMP 170 should
contact the Computer Science Department to request an enrollment override.  Students enrolled in COMP 170-004 (Lecture) will be automatically enrolled in
COMP 170-04L (Lab).  This course is restricted to undergraduate students.  Graduate students wishing to enroll in a section of this course should contact
their departmental graduate advisor.
____________________________________________________________________________________________________________________________________________________________,
,,,,,,,,
Report ID:  SR201,Loyola University Chicago,Page No.,6,of,30
Schedule of Classes for Spring 2017,Run Date:,11/11/2016
Campus: Lake Shore Campus   Location: Lake Shore Campus,Run Time:,13:49:55
Regular Academic Session
College of Arts and Sciences - Computer Science - Subject: Computer Science

____________________________________________________________________________________________________________________________________________________________,Subject,Catalog Nbr,Section,Class Nbr,Course Title,Component,Units,Topics
COMP, 250,01W,2798,Intro Sci and Tech Comm,Lecture,3,,
,,,,,,(In person)
Bldg:,Crown Center,Room:,105,Days:,MW,Time:,02:45PM-04:00,Instructor:,"Schwab,Roxanne"
Class Enrl Cap:,22,Class Enrl Tot:,22,Class Wait Cap:,0,Class Wait Tot:,0,Class Min Enrl:,0
Room Characteristics:,Lab - Computer(1)

**This is a writing intensive class.**  This class is restricted to undergraduate students.  Graduate students wishing to enroll in a section of this course
should contact their departmental graduate advisor.
____________________________________________________________________________________________________________________________________________________________,
COMP, 264,001,2797,Intro to Computer Systems,Lecture,3,,
,,,,,,(In person)
Bldg:,Dumbach Hall,Room:,125,Days:,MWF,Time:,10:25AM-11:15,Instructor:,"Greenberg,Ronald I"
Class Enrl Cap:,45,Class Enrl Tot:,45,Class Wait Cap:,0,Class Wait Tot:,0,Class Min Enrl:,0
Room Characteristics:,Electronic Classroom(1)
,,,,
This course is restricted to undergraduate students.  Graduate students wishing to enroll in a section of this course should contact their departmental
graduate advisor.
____________________________________________________________________________________________________________________________________________________________,
COMP, 271,001,2796,Data Structs and Apps,Lecture,3,,
,,,,,,(In person)
Bldg:,Crown Center,Room:,103,Days:,TuTh,Time:,01:00PM-02:15,Instructor:,"Albert,Mark"
Class Enrl Cap:,30,Class Enrl Tot:,30,Class Wait Cap:,0,Class Wait Tot:,0,Class Min Enrl:,0
Attributes:,Bioinformatics
Room Characteristics:,Lab - Computer(1)

Students enrolled in COMP 271-001 (Lecture) will be automatically enrolled in COMP 271-01L (Lab).  This course is restricted to undergraduate students.
Graduate students wishing to enroll in a section of this course should contact their departmental graduate advisor.
____________________________________________________________________________________________________________________________________________________________,
COMP, 271,002,2805,Data Structs and Apps,Lecture,3,,
,,,,,,(In person)
Bldg:,Crown Center,Room:,103,Days:,W,Time:,06:00PM-06:50,Instructor:,"Bone,Matthew William"
Class Enrl Cap:,30,Class Enrl Tot:,7,Class Wait Cap:,0,Class Wait Tot:,0,Class Min Enrl:,0
Attributes:,Bioinformatics
Room Characteristics:,Lab - Computer(1)

Students enrolled in COMP 271-002 (Lecture) will be automatically enrolled in COMP 271-02L (Lab).  This course is restricted to undergraduate students.
Graduate students wishing to enroll in a section of this course should contact their departmental graduate advisor.
____________________________________________________________________________________________________________________________________________________________,
,,,,,,,,
Report ID:  SR201,Loyola University Chicago,Page No.,7,of,30
Schedule of Classes for Spring 2017,Run Date:,11/11/2016
Campus: Lake Shore Campus   Location: Lake Shore Campus,Run Time:,13:49:55
Regular Academic Session
College of Arts and Sciences - Computer Science - Subject: Computer Science

____________________________________________________________________________________________________________________________________________________________,Subject,Catalog Nbr,Section,Class Nbr,Course Title,Component,Units,Topics
COMP, 271,01L,3685,Data Structs and Apps,Laboratory,3,,
,,,,,,(In person)
Bldg:,Crown Center,Room:,103,Days:,TuTh,Time:,12:20PM-12:45,Instructor:,"Albert,Mark"
Class Enrl Cap:,30,Class Enrl Tot:,30,Class Wait Cap:,0,Class Wait Tot:,0,Class Min Enrl:,0
Attributes:,Bioinformatics
Room Characteristics:,Lab - Computer(1)

Students enrolled in COMP 271-001 (Lecture) will be automatically enrolled in COMP 271-01L (Lab).  This course is restricted to undergraduate students.
Graduate students wishing to enroll in a section of this course should contact their departmental graduate advisor.
____________________________________________________________________________________________________________________________________________________________,
COMP, 271,02L,3686,Data Structs and Apps,Laboratory,3,,
,,,,,,(In person)
Bldg:,Crown Center,Room:,103,Days:,W,Time:,07:00PM-09:30,Instructor:,"Bone,Matthew William"
Class Enrl Cap:,30,Class Enrl Tot:,7,Class Wait Cap:,0,Class Wait Tot:,0,Class Min Enrl:,0
Attributes:,Bioinformatics
Room Characteristics:,Lab - Computer(1)

Students enrolled in COMP 271-002 (Lecture) will be automatically enrolled in COMP 271-02L (Lab).  This course is restricted to undergraduate students.
Graduate students wishing to enroll in a section of this course should contact their departmental graduate advisor.
____________________________________________________________________________________________________________________________________________________________,
COMP, 312,01E,5607,Open Source Computing,Lecture,3,,
,,,,,,(In person)
Bldg:,Crown Center,Room:,105,Days:,W,Time:,07:00PM-09:30,Instructor:,"Lewis,Michael"
Class Enrl Cap:,35,Class Enrl Tot:,4,Class Wait Cap:,0,Class Wait Tot:,0,Class Min Enrl:,0
Attributes:,Engaged Learning
Room Characteristics:,Lab - Computer(1)
Combined Section ID:,1519(COMP 312-01E/COMP 412-001), -,COMP 412(#5621)

This class satisfies the Engaged Learning requirement in the Undergraduate Research category.  Combined with COMP 412-001.
____________________________________________________________________________________________________________________________________________________________,
COMP, 313,001,3687,Intermed Obj-Orient Devel,Lecture,3,,
,,,,,,(In person)
Bldg:,Dumbach Hall,Room:,231,Days:,TuTh,Time:,01:00PM-02:15,Instructor:,"Yacobellis,Robert"
Class Enrl Cap:,43,Class Enrl Tot:,26,Class Wait Cap:,0,Class Wait Tot:,0,Class Min Enrl:,0
Class Equivalents:,COMP272/COMP313
Room Characteristics:,Electronic Classroom(1)
____________________________________________________________________________________________________________________________________________________________,
,,,,,,,,
Report ID:  SR201,Loyola University Chicago,Page No.,8,of,30
Schedule of Classes for Spring 2017,Run Date:,11/11/2016
Campus: Lake Shore Campus   Location: Lake Shore Campus,Run Time:,13:49:55
Regular Academic Session
College of Arts and Sciences - Computer Science - Subject: Computer Science

____________________________________________________________________________________________________________________________________________________________,Subject,Catalog Nbr,Section,Class Nbr,Course Title,Component,Units,Topics
COMP, 317,01W,4465,SocialLegal&EthicIssuComp,Lecture,3,,
,,,,,,(In person)
Bldg:,Dumbach Hall,Room:,005,Days:,W,Time:,06:00PM-08:30,Instructor:,"Schwab,Roxanne"
Class Enrl Cap:,22,Class Enrl Tot:,21,Class Wait Cap:,0,Class Wait Tot:,0,Class Min Enrl:,0
Room Characteristics:,Electronic Classroom(1)
,,,,
**This is a writing intensive class.**  This class is restricted to undergraduate students.  Graduate students wishing to enroll in a section of this course
should contact their departmental graduate advisor.
____________________________________________________________________________________________________________________________________________________________,
COMP, 339,001,5610,Distributed Programming,Lecture,3,,
,,,,,,(In person)
Bldg:,Dumbach Hall,Room:,229,Days:,W,Time:,07:00PM-09:30,Instructor:,"Kaylor,Sarah"
Class Enrl Cap:,30,Class Enrl Tot:,3,Class Wait Cap:,0,Class Wait Tot:,0,Class Min Enrl:,0
Room Characteristics:,Electronic Classroom(1)
Combined Section ID:,1718(COMP 339-001/COMP 439-001), -,COMP 439(#5624)

Combined with COMP 439-001
____________________________________________________________________________________________________________________________________________________________,
COMP, 353,001,3690,Database Programming,Lecture,3,,
,,,,,,(In person)
Bldg:,Cuneo Hall,Room:,116,Days:,M,Time:,04:15PM-06:45,Instructor:,"Naiman,Channah"
Class Enrl Cap:,30,Class Enrl Tot:,22,Class Wait Cap:,0,Class Wait Tot:,0,Class Min Enrl:,0
Class Equivalents:,COMP353/BIOI353
Room Characteristics:,Electronic Classroom(1)
____________________________________________________________________________________________________________________________________________________________,
COMP, 363,001,4466,Desgn/Anlys Comp Algorthm,Lecture,3,,
,,,,,,(In person)
Bldg:,Mundelein Center,Room:,0507,Days:,Th,Time:,02:45PM-05:15,Instructor:,"Albert,Mark"
Class Enrl Cap:,35,Class Enrl Tot:,36,Class Wait Cap:,0,Class Wait Tot:,0,Class Min Enrl:,0
Attributes:,Bioinformatics
Class Equivalents:,X-COMP363/BIOI363
Room Characteristics:,Electronic Classroom(1)
,,,,
This course is restricted to undergraduate students.  Graduate students wishing to enroll in a section of this course should contact their departmental
graduate advisor.
____________________________________________________________________________________________________________________________________________________________,
,,,,,,,,
Report ID:  SR201,Loyola University Chicago,Page No.,9,of,30
Schedule of Classes for Spring 2017,Run Date:,11/11/2016
Campus: Lake Shore Campus   Location: Lake Shore Campus,Run Time:,13:49:55
Regular Academic Session
College of Arts and Sciences - Computer Science - Subject: Computer Science

____________________________________________________________________________________________________________________________________________________________,Subject,Catalog Nbr,Section,Class Nbr,Course Title,Component,Units,Topics
COMP, 372,001,5616,Programming Languages,Lecture,3,,
,,,,,,(In person)
Bldg:,Mundelein Center,Room:,0607,Days:,Tu,Time:,02:45PM-05:15,Instructor:,"Laufer,Konstantin"
Class Enrl Cap:,30,Class Enrl Tot:,17,Class Wait Cap:,0,Class Wait Tot:,0,Class Min Enrl:,0
Room Characteristics:,Electronic Classroom(1)
Combined Section ID:,1526(COMP 372-001/COMP 471-001), -,COMP 471(#5630)

Combined with COMP 471-001
____________________________________________________________________________________________________________________________________________________________,
COMP, 383,001,5619,Computational Biology,Lecture,4,,
,,,,,,(In person)
Bldg:,Dumbach Hall,Room:,228,Days:,M,Time:,02:45PM-04:05,Instructor:,"Wheeler,Heather E."
Bldg:,Cuneo Hall,Room:,202,Days:,W,Time:,02:45PM-04:45,Instructor:,"Wheeler,Heather E."
Class Enrl Cap:,30,Class Enrl Tot:,6,Class Wait Cap:,0,Class Wait Tot:,0,Class Min Enrl:,0
Attributes:,Bioinformatics
Class Equivalents:,COMP383/BIOI383
Room Characteristics:,Electronic Classroom(1)
Combined Section ID:,1680(COMP383-001/COMP488-383), -,COMP 488(#5639)
,,,,,
Combined with COMP 488-383
____________________________________________________________________________________________________________________________________________________________,
COMP, 384,01E,6266,Metagenomics,Lecture,3,,
,,,,,,(In person)
Bldg:,Life Science Buildin,Room:,212,Days:,MWF,Time:,09:20AM-10:10,Instructor:,"Burns,Michael Bradley"
Class Enrl Cap:,1,Class Enrl Tot:,0,Class Wait Cap:,0,Class Wait Tot:,0,Class Min Enrl:,0
Attributes:,"Engaged Learning, Bioinformatics"
Class Equivalents:,X-COMP 384/BIOL 392
Room Characteristics:,Electronic Classroom(1)
Combined Section ID:,1728(BIOL 392-001 / COMP 384-001), -,BIOL 392(#6248)

COMP 384 is permanently cross-listed with BIOL 392. Register under BIOL 392.
This class satisfies the Engaged Learning requirement in the Undergraduate Research category.
____________________________________________________________________________________________________________________________________________________________,
COMP, 388,007,5620,Topics:,Lecture,3,Physical Design & Fabrication,
,,,,,,(In person)
Bldg:,Crown Center,Room:,105,Days:,M,Time:,07:00PM-09:30,Instructor:,"Durston,Jonathan"
Class Enrl Cap:,19,Class Enrl Tot:,5,Class Wait Cap:,0,Class Wait Tot:,0,Class Min Enrl:,0
Room Characteristics:,Lab - Computer(1)
Combined Section ID:,1537(COMP 388-007/COMP 488-007), -,COMP 488(#5633)

Combined with COMP 488-007
____________________________________________________________________________________________________________________________________________________________,
COMP, 388,323,6375,Topics:,Lecture,3,Game Design and Development,
,,,,,,(In person)
Bldg:,Cuneo Hall,Room:,002,Days:,W,Time:,02:45PM-05:15,Instructor:,"Hayward,Nicholas J"
Class Enrl Cap:,30,Class Enrl Tot:,3,Class Wait Cap:,0,Class Wait Tot:,0,Class Min Enrl:,0
Room Characteristics:,General Classroom(1)
Combined Section ID:,1755(COMP 388-323/COMP 488-323), -,COMP 488(#6376)
____________________________________________________________________________________________________________________________________________________________,
COMP, 388,367,6027,Topics:,Lecture,3,Robotics Software Development,
,,,,,,(In person)
Bldg:,Mundelein Center,Room:,0608,Days:,Th,Time:,01:30PM-04:00,Instructor:,"Honig,William"
Class Enrl Cap:,30,Class Enrl Tot:,2,Class Wait Cap:,0,Class Wait Tot:,0,Class Min Enrl:,0
Room Characteristics:,Electronic Classroom(1)
Combined Section ID:,1717(COMP 388-367/COMP 488-367), -,COMP 488(#6028)

Combined with COMP 488-367
____________________________________________________________________________________________________________________________________________________________,
COMP, 391,01E,2162,Internship in CS,Field Studies,1 - 6,,
,,,,,,(In person)
Bldg:,TBA,Room:,TBA,Days:,TBA,Time:,TBA,Instructor:,"Yacobellis,Robert"
,,,,,,,,,"Greenberg,Ronald I"
Class Enrl Cap:,20,Class Enrl Tot:,1,Class Wait Cap:,0,Class Wait Tot:,0,Class Min Enrl:,0
Attributes:,Engaged Learning
Room Characteristics:,Classroom Not Needed(1)
,,,,
This class satisfies the Engaged Learning requirement in the Internship category.  Department Consent Required.
____________________________________________________________________________________________________________________________________________________________,
COMP, 397,001,4284,Research Seminar,Seminar,1,,
,,,,,,(In person)
Bldg:,Mundelein Center,Room:,0507,Days:,Tu,Time:,04:00PM-05:15,Instructor:,"Albert,Mark"
Class Enrl Cap:,10,Class Enrl Tot:,1,Class Wait Cap:,0,Class Wait Tot:,0,Class Min Enrl:,0
Room Characteristics:,Electronic Classroom(1)
____________________________________________________________________________________________________________________________________________________________,
COMP, 412,001,5621,Open Source Computing,Lecture,3,,
,,,,,,(In person)
Bldg:,Crown Center,Room:,105,Days:,W,Time:,07:00PM-09:30,Instructor:,"Lewis,Michael"
Class Enrl Cap:,35,Class Enrl Tot:,2,Class Wait Cap:,0,Class Wait Tot:,0,Class Min Enrl:,0
Room Characteristics:,Lab - Computer(1)
Combined Section ID:,1519(COMP 312-01E/COMP 412-001), -,COMP 312(#5607)

Combined with COMP 312-01E
____________________________________________________________________________________________________________________________________________________________,
,,,,,,,,
Report ID:  SR201,Loyola University Chicago,Page No.,11,of,30
Schedule of Classes for Spring 2017,Run Date:,11/11/2016
Campus: Lake Shore Campus   Location: Lake Shore Campus,Run Time:,13:49:55
Regular Academic Session
College of Arts and Sciences - Computer Science - Subject: Computer Science

____________________________________________________________________________________________________________________________________________________________,Subject,Catalog Nbr,Section,Class Nbr,Course Title,Component,Units,Topics
COMP, 418,001,5469,Combinatorial Mathematics,Lecture,3,,
,,,,,,(In person)
Bldg:,Dumbach Hall,Room:,006,Days:,TuTh,Time:,10:00AM-11:15,Instructor:,"Huffman,William C"
Class Enrl Cap:,1,Class Enrl Tot:,0,Class Wait Cap:,0,Class Wait Tot:,0,Class Min Enrl:,0
Class Equivalents:,X-COMP418/MATH418
Room Characteristics:,General Classroom(1)
Combined Section ID:,1740(X-MATH 318-001/MATH 418-001), -,"MATH 318(#5185), MATH 418(#5468)"

COMP 418 is cross listed with MATH 418. Please register for MATH 418
____________________________________________________________________________________________________________________________________________________________,
COMP, 439,001,5624,Distributed Systems,Lecture,3,,
,,,,,,(In person)
Bldg:,Dumbach Hall,Room:,229,Days:,W,Time:,07:00PM-09:30,Instructor:,"Kaylor,Sarah"
Class Enrl Cap:,30,Class Enrl Tot:,5,Class Wait Cap:,0,Class Wait Tot:,0,Class Min Enrl:,0
Room Characteristics:,Electronic Classroom(1)
Combined Section ID:,1718(COMP 339-001/COMP 439-001), -,COMP 339(#5610)

Combined with COMP 339-001
____________________________________________________________________________________________________________________________________________________________,
COMP, 460,001,4297,Algorithms & Complexity,Lecture,3,,
,,,,,,(In person)
Bldg:,Cuneo Hall,Room:,218,Days:,W,Time:,02:45PM-05:15,Instructor:,"Greenberg,Ronald I"
Class Enrl Cap:,35,Class Enrl Tot:,10,Class Wait Cap:,0,Class Wait Tot:,0,Class Min Enrl:,0
Room Characteristics:,Electronic Classroom(1)
____________________________________________________________________________________________________________________________________________________________,
COMP, 471,001,5630,Thry Programmng Languages,Lecture,3,,
,,,,,,(In person)
Bldg:,Mundelein Center,Room:,0607,Days:,Tu,Time:,02:45PM-05:15,Instructor:,"Laufer,Konstantin"
Class Enrl Cap:,30,Class Enrl Tot:,0,Class Wait Cap:,0,Class Wait Tot:,0,Class Min Enrl:,0
Room Characteristics:,Electronic Classroom(1)
Combined Section ID:,1526(COMP 372-001/COMP 471-001), -,COMP 372(#5616)

Combined with COMP 372-001
____________________________________________________________________________________________________________________________________________________________,
COMP, 488,007,5633,Top:,Lecture,3,Physical Design & Fabrication,
,,,,,,(In person)
Bldg:,Crown Center,Room:,105,Days:,M,Time:,07:00PM-09:30,Instructor:,"Durston,Jonathan"
Class Enrl Cap:,19,Class Enrl Tot:,2,Class Wait Cap:,0,Class Wait Tot:,0,Class Min Enrl:,0
Room Characteristics:,Lab - Computer(1)
Combined Section ID:,1537(COMP 388-007/COMP 488-007), -,COMP 388(#5620)

Combined with COMP 388-007
____________________________________________________________________________________________________________________________________________________________,
COMP, 488,323,6376,Top:,Lecture,3,Game Design and Development,
,,,,,,(In person)
Bldg:,Cuneo Hall,Room:,002,Days:,W,Time:,02:45PM-05:15,Instructor:,"Hayward,Nicholas J"
Class Enrl Cap:,30,Class Enrl Tot:,4,Class Wait Cap:,0,Class Wait Tot:,0,Class Min Enrl:,0
Room Characteristics:,General Classroom(1)
Combined Section ID:,1755(COMP 388-323/COMP 488-323), -,COMP 388(#6375)
____________________________________________________________________________________________________________________________________________________________,
COMP, 488,367,6028,Top:,Lecture,3,Robotics Software Development,
,,,,,,(In person)
Bldg:,Mundelein Center,Room:,0608,Days:,Th,Time:,01:30PM-04:00,Instructor:,"Honig,William"
Class Enrl Cap:,30,Class Enrl Tot:,1,Class Wait Cap:,0,Class Wait Tot:,0,Class Min Enrl:,0
Room Characteristics:,Electronic Classroom(1)
Combined Section ID:,1717(COMP 388-367/COMP 488-367), -,COMP 388(#6027)

Combined with COMP 388-367
____________________________________________________________________________________________________________________________________________________________,
COMP, 488,383,5639,Top:,Lecture,3,Computational Biology,
,,,,,,(In person)
Bldg:,Dumbach Hall,Room:,228,Days:,M,Time:,02:45PM-04:05,Instructor:,"Wheeler,Heather E."
Bldg:,Cuneo Hall,Room:,202,Days:,W,Time:,02:45PM-04:45,Instructor:,"Wheeler,Heather E."
Class Enrl Cap:,30,Class Enrl Tot:,0,Class Wait Cap:,0,Class Wait Tot:,0,Class Min Enrl:,0
Room Characteristics:,Electronic Classroom(1)
Combined Section ID:,1680(COMP383-001/COMP488-383), -,COMP 383(#5619)
,,,,,
Combined with COMP 383-001
____________________________________________________________________________________________________________________________________________________________,
,,,,,,,,
Report ID:  SR201,Loyola University Chicago,Page No.,13,of,30
Schedule of Classes for Spring 2017,Run Date:,11/11/2016
Campus: Lake Shore Campus   Location: Lake Shore Campus,Run Time:,13:49:55
Seven Week -Third
College of Arts and Sciences - Computer Science - Subject: Computer Science

____________________________________________________________________________________________________________________________________________________________,Subject,Catalog Nbr,Section,Class Nbr,Course Title,Component,Units,Topics
COMP, 397,002,6068,Research Seminar,Seminar,1,,
,,,,,,(In person)
Bldg:,OTHER,Room:,,Days:,Tu,Time:,04:00PM-05:15,Instructor:,"Albert,Mark"
Class Enrl Cap:,15,Class Enrl Tot:,0,Class Wait Cap:,0,Class Wait Tot:,0,Class Min Enrl:,0
Room Characteristics:,Electronic Classroom(1)
,,,,
This class meets in MUND 507 with COMP 397-001.
____________________________________________________________________________________________________________________________________________________________,,,,,
,,,,,,,,
Report ID:  SR201,Loyola University Chicago,Page No.,14,of,30
Schedule of Classes for Spring 2017,Run Date:,11/11/2016
Campus: Online Campus   Location: Online Campus,Run Time:,13:49:55
Regular Academic Session
College of Arts and Sciences - Computer Science - Subject: Computer Science

____________________________________________________________________________________________________________________________________________________________,Subject,Catalog Nbr,Section,Class Nbr,Course Title,Component,Units,Topics
COMP, 300,002,5605,Data Warehouse & Mining,Lecture,3,,
,,,,,,(Online)
Bldg:,Online,Room:,,Days:,TBA,Time:,TBA,Instructor:,"Naiman,Channah"
Class Enrl Cap:,25,Class Enrl Tot:,20,Class Wait Cap:,0,Class Wait Tot:,0,Class Min Enrl:,0
Room Characteristics:,Classroom Not Needed(1)
Combined Section ID:,1629(COMP 300-002/COMP 488-302), -,COMP 488(#5635)

"This class is a totally online, asynchronous course.  Exams may be synchronous and in person.  Combined with COMP 488-302."
____________________________________________________________________________________________________________________________________________________________,
COMP, 317,001,5608,SocialLegal&EthicIssuComp,Lecture,3,,
,,,,,,(Online)
Bldg:,Online,Room:,,Days:,TBA,Time:,TBA,Instructor:,"Butcher,Matthew Paul"
Class Enrl Cap:,35,Class Enrl Tot:,28,Class Wait Cap:,0,Class Wait Tot:,0,Class Min Enrl:,0
Room Characteristics:,Classroom Not Needed(1)
,,,,
This is an online class.  All lectures will be pre-recorded.  Students are asked to attend smaller-group online interactive discussions at regular intervals
"during the semester, with possible times chosen to fit different groups' schedules."
____________________________________________________________________________________________________________________________________________________________,
COMP, 340,001,5611,Computer Forensics,Lecture,3,,
,,,,,,(Online)
Bldg:,Online,Room:,,Days:,TBA,Time:,TBA,Instructor:,"Yarrish,Thomas"
Class Enrl Cap:,35,Class Enrl Tot:,27,Class Wait Cap:,0,Class Wait Tot:,0,Class Min Enrl:,0
Room Characteristics:,Classroom Not Needed(1)
Combined Section ID:,1540(COMP 340-001/COMP488-340), -,COMP 488(#5637)

"This is an online class.  Synchronous meeting time:  Tuesday, 7:00 pm - 9:30 pm.  Combined with COMP 488-340."
____________________________________________________________________________________________________________________________________________________________,
COMP, 348,002,5614,Network Security,Lecture,3,,
,,,,,,(Online)
Bldg:,Online,Room:,,Days:,TBA,Time:,TBA,Instructor:,"Schmitz,Corby"
Class Enrl Cap:,30,Class Enrl Tot:,25,Class Wait Cap:,0,Class Wait Tot:,0,Class Min Enrl:,0
Room Characteristics:,Classroom Not Needed(1)
Combined Section ID:,1523(COMP 348-002/COMP 448-002), -,COMP 448(#5627)

"This is an online class.  The classroom session will be broadcast live on Friday evenings via AdobeConnect, allowing online student interaction.  Sessions"
will also be recorded and made available.  Students may participate synchronously or asynchronously at their discretion.  Combined with COMP 448-002.
____________________________________________________________________________________________________________________________________________________________,,
,,,,,,,,
Report ID:  SR201,Loyola University Chicago,Page No.,15,of,30
Schedule of Classes for Spring 2017,Run Date:,11/11/2016
Campus: Online Campus   Location: Online Campus,Run Time:,13:49:55
Regular Academic Session
College of Arts and Sciences - Computer Science - Subject: Computer Science

____________________________________________________________________________________________________________________________________________________________,Subject,Catalog Nbr,Section,Class Nbr,Course Title,Component,Units,Topics
COMP, 391,11E,6049,Internship in CS,Field Studies,1 - 6,,
,,,,,,(Online)
Bldg:,Online,Room:,,Days:,TBA,Time:,TBA,Instructor:,"Greenberg,Ronald I"
,,,,,,,,,"Yacobellis,Robert"
Class Enrl Cap:,20,Class Enrl Tot:,0,Class Wait Cap:,0,Class Wait Tot:,0,Class Min Enrl:,0
Attributes:,Engaged Learning
Room Characteristics:,Classroom Not Needed(1)
,,,,
This class satisfies the Engaged Learning requirement in the Internship category.  Department Consent Required.
____________________________________________________________________________________________________________________________________________________________,
COMP, 448,002,5627,Network Security,Lecture,3,,
,,,,,,(Online)
Bldg:,Online,Room:,,Days:,TBA,Time:,TBA,Instructor:,"Schmitz,Corby"
Class Enrl Cap:,30,Class Enrl Tot:,5,Class Wait Cap:,0,Class Wait Tot:,0,Class Min Enrl:,0
Room Characteristics:,Classroom Not Needed(1)
Combined Section ID:,1523(COMP 348-002/COMP 448-002), -,COMP 348(#5614)

"This is an online class.  The classroom session will be broadcast live on Friday evenings via AdobeConnect, allowing online student interaction.  Sessions"
will also be recorded and made available.  Students may participate synchronously or asynchronously at their discretion.  Combined with COMP 348-002.
____________________________________________________________________________________________________________________________________________________________,,
COMP, 474,001,3694,Software Engineering,Lecture,3,,
,,,,,,(Online)
Bldg:,Online,Room:,,Days:,TBA,Time:,TBA,Instructor:,"Stone,Christopher"
Class Enrl Cap:,35,Class Enrl Tot:,12,Class Wait Cap:,0,Class Wait Tot:,0,Class Min Enrl:,0
Room Characteristics:,Classroom Not Needed(1)
,,,,
"This is an online class.  Synchronous meeting time:  Wednesday, 7:00 pm - 9:30 pm."
____________________________________________________________________________________________________________________________________________________________,
COMP, 488,302,5635,Top:,Lecture,3,Data Warehouse & Mining,
,,,,,,(Online)
Bldg:,Online,Room:,,Days:,TBA,Time:,TBA,Instructor:,"Naiman,Channah"
Class Enrl Cap:,25,Class Enrl Tot:,5,Class Wait Cap:,0,Class Wait Tot:,0,Class Min Enrl:,0
Room Characteristics:,Classroom Not Needed(1)
Combined Section ID:,1629(COMP 300-002/COMP 488-302), -,COMP 300(#5605)

"This class is a totally online, asynchronous course.  Exams may be synchronous and in person.  Combined with COMP 300-002."
____________________________________________________________________________________________________________________________________________________________,
,,,,,,,,
Report ID:  SR201,Loyola University Chicago,Page No.,16,of,30
Schedule of Classes for Spring 2017,Run Date:,11/11/2016
Campus: Online Campus   Location: Online Campus,Run Time:,13:49:55
Regular Academic Session
College of Arts and Sciences - Computer Science - Subject: Computer Science

____________________________________________________________________________________________________________________________________________________________,Subject,Catalog Nbr,Section,Class Nbr,Course Title,Component,Units,Topics
COMP, 488,340,5637,Top:,Lecture,3,Comp Forensics Investigations,
,,,,,,(Online)
Bldg:,Online,Room:,,Days:,TBA,Time:,TBA,Instructor:,"Yarrish,Thomas"
Class Enrl Cap:,35,Class Enrl Tot:,7,Class Wait Cap:,0,Class Wait Tot:,0,Class Min Enrl:,0
Room Characteristics:,Classroom Not Needed(1)
Combined Section ID:,1540(COMP 340-001/COMP488-340), -,COMP 340(#5611)

"This is an online class.  Synchronous meeting time:  Tuesday, 7:00 pm - 9:30 pm.  Combined with COMP 340-001."
____________________________________________________________________________________________________________________________________________________________,
,,,,,,,,
Report ID:  SR201,Loyola University Chicago,Page No.,17,of,30
Schedule of Classes for Spring 2017,Run Date:,11/11/2016
Campus: Online Campus   Location: Online Campus,Run Time:,13:49:55
Eight Week - First
College of Arts and Sciences - Computer Science - Subject: Computer Science

____________________________________________________________________________________________________________________________________________________________,Subject,Catalog Nbr,Section,Class Nbr,Course Title,Component,Units,Topics
COMP, 251,700N,5970,Intro to Database Systems,Lecture,3,,
,,,,,,(Online)
Bldg:,Online,Room:,,Days:,M,Time:,07:30PM-09:00,Instructor:,"Fatima,Safoora"
Class Enrl Cap:,20,Class Enrl Tot:,1,Class Wait Cap:,0,Class Wait Tot:,0,Class Min Enrl:,0
Class Equivalents:,COMP 251 / COMP 368
Room Characteristics:,Classroom Not Needed(1)
,,,,
COMP 251-700N is reserved for students in the School of Continuing & Professional Studies. For more information go to
http://www.luc.edu/adult-education/admission/nonscps-enrollment/
COMP 251-700N is an online section. Required synchronous sessions will be held Mondays 7:30-9PM CST.
____________________________________________________________________________________________________________________________________________________________,
COMP, 271,700N,5981,Data Structs and Apps,Lecture,3,,
,,,,,,(Online)
Bldg:,Online,Room:,,Days:,Th,Time:,06:00PM-09:00,Instructor:,"Post,Elliott Lawrence"
Class Enrl Cap:,20,Class Enrl Tot:,1,Class Wait Cap:,0,Class Wait Tot:,0,Class Min Enrl:,0
Attributes:,Bioinformatics
,,
COMP 271-700N is reserved for students in the School of Continuing & Professional Studies. For more information go to
http://www.luc.edu/adult-education/admission/nonscps-enrollment/
COMP 271-700N is an online section. Required synchronous sessions will be held Thursdays 6-9PM CST.
____________________________________________________________________________________________________________________________________________________________,
COMP, 320,700N,5979,Software Systems Analysis,Lecture,3,,
,,,,,,(Online)
Bldg:,Online,Room:,,Days:,W,Time:,06:00PM-09:00,Instructor:,"Hasso,Sargon"
Class Enrl Cap:,20,Class Enrl Tot:,4,Class Wait Cap:,0,Class Wait Tot:,0,Class Min Enrl:,0
Room Characteristics:,Classroom Not Needed(1)
,,,,
COMP 320-700N is reserved for students in the School of Continuing & Professional Studies. For more information go to
http://www.luc.edu/adult-education/admission/nonscps-enrollment/
"COMP 320-700N is an online section. Required synchronous sessions will be held Wednesday, 6-9PM CST."
____________________________________________________________________________________________________________________________________________________________,
,,,,,,,,
Report ID:  SR201,Loyola University Chicago,Page No.,18,of,30
Schedule of Classes for Spring 2017,Run Date:,11/11/2016
Campus: Online Campus   Location: Online Campus,Run Time:,13:49:55
Eight Week - Second
College of Arts and Sciences - Computer Science - Subject: Computer Science

____________________________________________________________________________________________________________________________________________________________,Subject,Catalog Nbr,Section,Class Nbr,Course Title,Component,Units,Topics
COMP, 150,700N,4778,Introduction to Computing,Lecture,3,,
,,,,,,(Online)
Bldg:,Online,Room:,,Days:,M,Time:,07:30PM-09:00,Instructor:,"Fatima,Safoora"
Class Enrl Cap:,20,Class Enrl Tot:,0,Class Wait Cap:,0,Class Wait Tot:,0,Class Min Enrl:,0
Attributes:,Quantitative Knowledge
Class Equivalents:,ACCOMP 150/COMP 150
Room Characteristics:,Classroom Not Needed(1)
,,,,
COMP 150-700N is reserved for students in the School of Continuing & Professional Studies. For more information go to
http://www.luc.edu/adult-education/admission/nonscps-enrollment/
COMP 150-700N is an online section. Required synchronous sessions will be held Mondays 7:30-9PM CST.
____________________________________________________________________________________________________________________________________________________________,
COMP, 305,700N,6011,Database Administration,Lecture,3,,
,,,,,,(Online)
Bldg:,Online,Room:,,Days:,W,Time:,06:00PM-09:00,Instructor:,"Hasso,Sargon"
Class Enrl Cap:,20,Class Enrl Tot:,3,Class Wait Cap:,0,Class Wait Tot:,0,Class Min Enrl:,0
Room Characteristics:,Classroom Not Needed(1)
,,,,
COMP 305-700N is reserved for students in the School of Continuing & Professional Studies. For more information go to
http://www.luc.edu/adult-education/admission/nonscps-enrollment/
COMP 305-700N is an online class. Required synchronous sessions will be held Wednesdays 6-9PM CST
____________________________________________________________________________________________________________________________________________________________,
COMP, 317,700N,6010,SocialLegal&EthicIssuComp,Lecture,3,,
,,,,,,(Online)
Bldg:,Online,Room:,,Days:,Tu,Time:,07:30PM-09:00,Instructor:,"Montes,Bruce A"
Class Enrl Cap:,20,Class Enrl Tot:,3,Class Wait Cap:,0,Class Wait Tot:,0,Class Min Enrl:,0
Room Characteristics:,Classroom Not Needed(1)
,,,,
COMP 317-700N is reserved for students in the School of Continuing & Professional Studies. For more information go to
http://www.luc.edu/adult-education/admission/nonscps-enrollment/
COMP 317-700N is an online class. Required synchronous sessions will be held 7:30-9PM CST
____________________________________________________________________________________________________________________________________________________________,
,,,,,,,,
Report ID:  SR201,Loyola University Chicago,Page No.,19,of,30
Schedule of Classes for Spring 2017,Run Date:,11/11/2016
Campus: Water Tower Campus   Location: Water Tower Campus,Run Time:,13:49:55
Regular Academic Session
College of Arts and Sciences - Computer Science - Subject: Computer Science

____________________________________________________________________________________________________________________________________________________________,Subject,Catalog Nbr,Section,Class Nbr,Course Title,Component,Units,Topics
COMP, 300,001,5604,Data Warehouse & Mining,Lecture,3,,
,,,,,,(In person)
Bldg:,Corboy Law Center,Room:,0201,Days:,W,Time:,04:15PM-06:45,Instructor:,"Naiman,Channah"
Class Enrl Cap:,29,Class Enrl Tot:,7,Class Wait Cap:,0,Class Wait Tot:,0,Class Min Enrl:,0
Room Characteristics:,Lab - Computer(1)
Combined Section ID:,1528(COMP 300-001/COMP 488-301), -,COMP 488(#5634)

Combined with COMP 488-301
____________________________________________________________________________________________________________________________________________________________,
COMP, 305,001,5606,Database Administration,Lecture,3,,
,,,,,,(In person)
Bldg:,School of Communicat,Room:,010,Days:,Tu,Time:,04:15PM-06:45,Instructor:,"Dordal,Peter L"
Class Enrl Cap:,35,Class Enrl Tot:,14,Class Wait Cap:,0,Class Wait Tot:,0,Class Min Enrl:,0
Room Characteristics:,Electronic Classroom(1)
Combined Section ID:,1518(COMP 305-001/COMP 488-305), -,COMP 488(#5636)

Combined with COMP 488-305
____________________________________________________________________________________________________________________________________________________________,
COMP, 324,001,5609,Client-Side Web Development,Lecture,3,,
,,,,,,(In person)
Bldg:,Corboy Law Center,Room:,0301,Days:,M,Time:,04:15PM-06:45,Instructor:,"Hayward,Nicholas J"
Class Enrl Cap:,35,Class Enrl Tot:,15,Class Wait Cap:,0,Class Wait Tot:,0,Class Min Enrl:,0
Room Characteristics:,Electronic Classroom(1)
Combined Section ID:,1640(COMP 324-001/COMP 424-001), -,COMP 424(#5623)

Combined with COMP 424-001
____________________________________________________________________________________________________________________________________________________________,
COMP, 341,001,5612,Human-Computer Interaction,Lecture,3,,
,,,,,,(In person)
Bldg:,Corboy Law Center,Room:,0711,Days:,Th,Time:,07:00PM-09:30,Instructor:,"Hayward,Nicholas J"
Class Enrl Cap:,35,Class Enrl Tot:,5,Class Wait Cap:,0,Class Wait Tot:,0,Class Min Enrl:,0
Room Characteristics:,Electronic Classroom(1)
Combined Section ID:,1632(COMP 341-001/COMP 441-001), -,COMP 441(#5625)

Combined with COMP 441-001
____________________________________________________________________________________________________________________________________________________________,
,,,,,,,,
Report ID:  SR201,Loyola University Chicago,Page No.,20,of,30
Schedule of Classes for Spring 2017,Run Date:,11/11/2016
Campus: Water Tower Campus   Location: Water Tower Campus,Run Time:,13:49:55
Regular Academic Session
College of Arts and Sciences - Computer Science - Subject: Computer Science

____________________________________________________________________________________________________________________________________________________________,Subject,Catalog Nbr,Section,Class Nbr,Course Title,Component,Units,Topics
COMP, 348,001,5613,Network Security,Lecture,3,,
,,,,,,(In person)
Bldg:,Corboy Law Center,Room:,L08,Days:,F,Time:,05:30PM-08:00,Instructor:,"Schmitz,Corby"
Class Enrl Cap:,33,Class Enrl Tot:,13,Class Wait Cap:,0,Class Wait Tot:,0,Class Min Enrl:,0
Room Characteristics:,Electronic Classroom(1)
Combined Section ID:,1522(COMP 348-001/COMP 448-001), -,COMP 448(#5626)

Combined with COMP 448-001
____________________________________________________________________________________________________________________________________________________________,
COMP, 373,001,5617,ObjectsFramewrks&Patterns,Lecture,3,,
,,,,,,(In person)
Bldg:,Corboy Law Center,Room:,0711,Days:,Tu,Time:,07:00PM-09:30,Instructor:,"Zewdie,Berhane"
Class Enrl Cap:,35,Class Enrl Tot:,22,Class Wait Cap:,0,Class Wait Tot:,0,Class Min Enrl:,0
Room Characteristics:,Electronic Classroom(1)
Combined Section ID:,1527(COMP 373-001/COMP473-001), -,COMP 473(#5631)

Combined with COMP 473-001
____________________________________________________________________________________________________________________________________________________________,
COMP, 378,001,5618,Artificial Intelligence,Lecture,3,,
,,,,,,(In person)
Bldg:,Corboy Law Center,Room:,0303,Days:,M,Time:,02:45PM-05:15,Instructor:,"Weisert,Conrad"
Class Enrl Cap:,30,Class Enrl Tot:,4,Class Wait Cap:,0,Class Wait Tot:,0,Class Min Enrl:,0
Room Characteristics:,Electronic Classroom(1)
Combined Section ID:,1685(COMP 378-001/COMP 484-001), -,COMP 484(#5632)

Combined with COMP 484-001
____________________________________________________________________________________________________________________________________________________________,
COMP, 398,01E,2163,Independent Study,Independent Study,1 - 6,,
,,,,,,(In person)
Bldg:,TBA,Room:,TBA,Days:,TBA,Time:,TBA,Instructor:
Class Enrl Cap:,20,Class Enrl Tot:,0,Class Wait Cap:,0,Class Wait Tot:,0,Class Min Enrl:,0
Attributes:,Engaged Learning
Room Characteristics:,Classroom Not Needed(1)
,,,,
This class satisfies the Engaged Learning requirement in the Undergraduate Research category.  Department Consent Required.
____________________________________________________________________________________________________________________________________________________________,
,,,,,,,,
Report ID:  SR201,Loyola University Chicago,Page No.,21,of,30
Schedule of Classes for Spring 2017,Run Date:,11/11/2016
Campus: Water Tower Campus   Location: Water Tower Campus,Run Time:,13:49:55
Regular Academic Session
College of Arts and Sciences - Computer Science - Subject: Computer Science

____________________________________________________________________________________________________________________________________________________________,Subject,Catalog Nbr,Section,Class Nbr,Course Title,Component,Units,Topics
COMP, 398,02E,2164,Independent Study,Independent Study,1 - 6,,
,,,,,,(In person)
Bldg:,TBA,Room:,TBA,Days:,TBA,Time:,TBA,Instructor:
Class Enrl Cap:,20,Class Enrl Tot:,0,Class Wait Cap:,0,Class Wait Tot:,0,Class Min Enrl:,0
Attributes:,Engaged Learning
Room Characteristics:,Classroom Not Needed(1)
,,,,
This class satisfies the Engaged Learning requirement in the Undergraduate Research category.  Department Consent Required.
____________________________________________________________________________________________________________________________________________________________,
COMP, 398,03E,2165,Independent Study,Independent Study,1 - 6,,
,,,,,,(In person)
Bldg:,TBA,Room:,TBA,Days:,TBA,Time:,TBA,Instructor:
Class Enrl Cap:,20,Class Enrl Tot:,0,Class Wait Cap:,0,Class Wait Tot:,0,Class Min Enrl:,0
Attributes:,Engaged Learning
Room Characteristics:,Classroom Not Needed(1)
,,,,
This class satisfies the Engaged Learning requirement in the Undergraduate Research category.  Department Consent Required.
____________________________________________________________________________________________________________________________________________________________,
COMP, 398,04E,2166,Independent Study,Independent Study,1 - 6,,
,,,,,,(In person)
Bldg:,TBA,Room:,TBA,Days:,TBA,Time:,TBA,Instructor:
Class Enrl Cap:,20,Class Enrl Tot:,0,Class Wait Cap:,0,Class Wait Tot:,0,Class Min Enrl:,0
Attributes:,Engaged Learning
Room Characteristics:,Classroom Not Needed(1)
,,,,
This class satisfies the Engaged Learning requirement in the Undergraduate Research category.  Department Consent Required.
____________________________________________________________________________________________________________________________________________________________,
COMP, 398,05E,2167,Independent Study,Independent Study,1 - 6,,
,,,,,,(In person)
Bldg:,TBA,Room:,TBA,Days:,TBA,Time:,TBA,Instructor:
Class Enrl Cap:,20,Class Enrl Tot:,0,Class Wait Cap:,0,Class Wait Tot:,0,Class Min Enrl:,0
Attributes:,Engaged Learning
Room Characteristics:,Classroom Not Needed(1)
,,,,
This class satisfies the Engaged Learning requirement in the Undergraduate Research category.  Department Consent Required.
____________________________________________________________________________________________________________________________________________________________,
COMP, 398,06E,2168,Independent Study,Independent Study,1 - 6,,
,,,,,,(In person)
Bldg:,TBA,Room:,TBA,Days:,TBA,Time:,TBA,Instructor:
Class Enrl Cap:,20,Class Enrl Tot:,0,Class Wait Cap:,0,Class Wait Tot:,0,Class Min Enrl:,0
Attributes:,Engaged Learning
Room Characteristics:,Classroom Not Needed(1)
,,,,
This class satisfies the Engaged Learning requirement in the Undergraduate Research category.  Department Consent Required.
____________________________________________________________________________________________________________________________________________________________,
,,,,,,,,
Report ID:  SR201,Loyola University Chicago,Page No.,22,of,30
Schedule of Classes for Spring 2017,Run Date:,11/11/2016
Campus: Water Tower Campus   Location: Water Tower Campus,Run Time:,13:49:55
Regular Academic Session
College of Arts and Sciences - Computer Science - Subject: Computer Science

____________________________________________________________________________________________________________________________________________________________,Subject,Catalog Nbr,Section,Class Nbr,Course Title,Component,Units,Topics
COMP, 398,07E,2169,Independent Study,Independent Study,1 - 6,,
,,,,,,(In person)
Bldg:,TBA,Room:,TBA,Days:,TBA,Time:,TBA,Instructor:
Class Enrl Cap:,20,Class Enrl Tot:,0,Class Wait Cap:,0,Class Wait Tot:,0,Class Min Enrl:,0
Attributes:,Engaged Learning
Room Characteristics:,Classroom Not Needed(1)
,,,,
This class satisfies the Engaged Learning requirement in the Undergraduate Research category.  Department Consent Required.
____________________________________________________________________________________________________________________________________________________________,
COMP, 398,08E,2222,Independent Study,Independent Study,1 - 6,,
,,,,,,(In person)
Bldg:,TBA,Room:,TBA,Days:,TBA,Time:,TBA,Instructor:
Class Enrl Cap:,20,Class Enrl Tot:,0,Class Wait Cap:,0,Class Wait Tot:,0,Class Min Enrl:,0
Attributes:,Engaged Learning
Room Characteristics:,Classroom Not Needed(1)
,,,,
This class satisfies the Engaged Learning requirement in the Undergraduate Research category.  Department Consent Required.
____________________________________________________________________________________________________________________________________________________________,
COMP, 398,09E,3388,Independent Study,Independent Study,1 - 6,,
,,,,,,(In person)
Bldg:,TBA,Room:,TBA,Days:,TBA,Time:,TBA,Instructor:
Class Enrl Cap:,20,Class Enrl Tot:,0,Class Wait Cap:,0,Class Wait Tot:,0,Class Min Enrl:,0
Attributes:,Engaged Learning
Room Characteristics:,Classroom Not Needed(1)
,,,,
This class satisfies the Engaged Learning requirement in the Undergraduate Research category.  Department Consent Required.
____________________________________________________________________________________________________________________________________________________________,
COMP, 398,10E,3712,Independent Study,Independent Study,1 - 6,,
,,,,,,(In person)
Bldg:,TBA,Room:,TBA,Days:,TBA,Time:,TBA,Instructor:
Class Enrl Cap:,20,Class Enrl Tot:,0,Class Wait Cap:,0,Class Wait Tot:,0,Class Min Enrl:,0
Attributes:,Engaged Learning
Room Characteristics:,Classroom Not Needed(1)
,,,,
This class satisfies the Engaged Learning requirement in the Undergraduate Research category.  Department Consent Required.
____________________________________________________________________________________________________________________________________________________________,
COMP, 398,11E,4585,Independent Study,Independent Study,1 - 6,,
,,,,,,(In person)
Bldg:,TBA,Room:,TBA,Days:,TBA,Time:,TBA,Instructor:
Class Enrl Cap:,20,Class Enrl Tot:,0,Class Wait Cap:,0,Class Wait Tot:,0,Class Min Enrl:,0
Attributes:,Engaged Learning
Room Characteristics:,Classroom Not Needed(1)
,,,,
This class satisfies the Engaged Learning requirement in the Undergraduate Research category.  Department Consent Required.
____________________________________________________________________________________________________________________________________________________________,
,,,,,,,,
Report ID:  SR201,Loyola University Chicago,Page No.,23,of,30
Schedule of Classes for Spring 2017,Run Date:,11/11/2016
Campus: Water Tower Campus   Location: Water Tower Campus,Run Time:,13:49:55
Regular Academic Session
College of Arts and Sciences - Computer Science - Subject: Computer Science

____________________________________________________________________________________________________________________________________________________________,Subject,Catalog Nbr,Section,Class Nbr,Course Title,Component,Units,Topics
COMP, 398,12E,4586,Independent Study,Independent Study,1 - 6,,
,,,,,,(In person)
Bldg:,TBA,Room:,TBA,Days:,TBA,Time:,TBA,Instructor:
Class Enrl Cap:,20,Class Enrl Tot:,0,Class Wait Cap:,0,Class Wait Tot:,0,Class Min Enrl:,0
Attributes:,Engaged Learning
Room Characteristics:,Classroom Not Needed(1)
,,,,
This class satisfies the Engaged Learning requirement in the Undergraduate Research category.  Department Consent Required.
____________________________________________________________________________________________________________________________________________________________,
COMP, 398,13E,4590,Independent Study,Independent Study,1 - 6,,
,,,,,,(In person)
Bldg:,TBA,Room:,TBA,Days:,TBA,Time:,TBA,Instructor:
Class Enrl Cap:,20,Class Enrl Tot:,0,Class Wait Cap:,0,Class Wait Tot:,0,Class Min Enrl:,0
Attributes:,Engaged Learning
Room Characteristics:,Classroom Not Needed(1)
,,,,
This class satisfies the Engaged Learning requirement in the Undergraduate Research category.  Department Consent Required.
____________________________________________________________________________________________________________________________________________________________,
COMP, 398,14E,4852,Independent Study,Independent Study,1 - 6,,
,,,,,,(In person)
Bldg:,TBA,Room:,TBA,Days:,TBA,Time:,TBA,Instructor:
Class Enrl Cap:,20,Class Enrl Tot:,0,Class Wait Cap:,0,Class Wait Tot:,0,Class Min Enrl:,0
Attributes:,Engaged Learning
Room Characteristics:,Classroom Not Needed(1)
,,,,
This class satisfies the Engaged Learning requirement in the Undergraduate Research category.  Department Consent Required.
____________________________________________________________________________________________________________________________________________________________,
COMP, 398,15E,6031,Independent Study,Independent Study,1 - 6,,
,,,,,,(In person)
Bldg:,TBA,Room:,TBA,Days:,TBA,Time:,TBA,Instructor:
Class Enrl Cap:,20,Class Enrl Tot:,0,Class Wait Cap:,0,Class Wait Tot:,0,Class Min Enrl:,0
Attributes:,Engaged Learning
Room Characteristics:,Classroom Not Needed(1)
,,,,
This class satisfies the Engaged Learning requirement in the Undergraduate Research category.  Department Consent Required.
____________________________________________________________________________________________________________________________________________________________,
COMP, 413,001,3692,Intermed Object-Orientd Devel,Lecture,3,,
,,,,,,(In person)
Bldg:,School of Communicat,Room:,013,Days:,Tu,Time:,04:15PM-06:45,Instructor:,"Yacobellis,Robert"
Class Enrl Cap:,30,Class Enrl Tot:,5,Class Wait Cap:,0,Class Wait Tot:,0,Class Min Enrl:,0
Room Characteristics:,Electronic Classroom(1)
____________________________________________________________________________________________________________________________________________________________,
,,,,,,,,
Report ID:  SR201,Loyola University Chicago,Page No.,24,of,30
Schedule of Classes for Spring 2017,Run Date:,11/11/2016
Campus: Water Tower Campus   Location: Water Tower Campus,Run Time:,13:49:55
Regular Academic Session
College of Arts and Sciences - Computer Science - Subject: Computer Science

____________________________________________________________________________________________________________________________________________________________,Subject,Catalog Nbr,Section,Class Nbr,Course Title,Component,Units,Topics
COMP, 417,001,3693,Social & Ethical Iss Comp,Lecture,3,,
,,,,,,(In person)
Bldg:,School of Communicat,Room:,010,Days:,Th,Time:,04:15PM-06:45,Instructor:,"Dordal,Peter L"
Class Enrl Cap:,35,Class Enrl Tot:,4,Class Wait Cap:,0,Class Wait Tot:,0,Class Min Enrl:,0
Room Characteristics:,Electronic Classroom(1)
____________________________________________________________________________________________________________________________________________________________,
COMP, 424,001,5623,Client-Side Web Design,Lecture,3,,
,,,,,,(In person)
Bldg:,Corboy Law Center,Room:,0301,Days:,M,Time:,04:15PM-06:45,Instructor:,"Hayward,Nicholas J"
Class Enrl Cap:,35,Class Enrl Tot:,10,Class Wait Cap:,0,Class Wait Tot:,0,Class Min Enrl:,0
Room Characteristics:,Electronic Classroom(1)
Combined Section ID:,1640(COMP 324-001/COMP 424-001), -,COMP 324(#5609)

Combined with COMP 324-001
____________________________________________________________________________________________________________________________________________________________,
COMP, 441,001,5625,Human-Computer Interaction,Lecture,3,,
,,,,,,(In person)
Bldg:,Corboy Law Center,Room:,0711,Days:,Th,Time:,07:00PM-09:30,Instructor:,"Hayward,Nicholas J"
Class Enrl Cap:,35,Class Enrl Tot:,10,Class Wait Cap:,0,Class Wait Tot:,0,Class Min Enrl:,0
Room Characteristics:,Electronic Classroom(1)
Combined Section ID:,1632(COMP 341-001/COMP 441-001), -,COMP 341(#5612)

Combined with COMP 341-001
____________________________________________________________________________________________________________________________________________________________,
COMP, 448,001,5626,Network Security,Lecture,3,,
,,,,,,(In person)
Bldg:,Corboy Law Center,Room:,L08,Days:,F,Time:,05:30PM-08:00,Instructor:,"Schmitz,Corby"
Class Enrl Cap:,33,Class Enrl Tot:,13,Class Wait Cap:,0,Class Wait Tot:,0,Class Min Enrl:,0
Room Characteristics:,Electronic Classroom(1)
Combined Section ID:,1522(COMP 348-001/COMP 448-001), -,COMP 348(#5613)

Combined with COMP 348-001
____________________________________________________________________________________________________________________________________________________________,
COMP, 473,001,5631,Adv. Object Oriented Prog.,Lecture,3,,
,,,,,,(In person)
Bldg:,Corboy Law Center,Room:,0711,Days:,Tu,Time:,07:00PM-09:30,Instructor:,"Zewdie,Berhane"
Class Enrl Cap:,35,Class Enrl Tot:,7,Class Wait Cap:,0,Class Wait Tot:,0,Class Min Enrl:,0
Room Characteristics:,Electronic Classroom(1)
Combined Section ID:,1527(COMP 373-001/COMP473-001), -,COMP 373(#5617)

Combined with COMP 373-001
____________________________________________________________________________________________________________________________________________________________,
COMP, 484,001,5632,Artificial Intelligence,Lecture,3,,
,,,,,,(In person)
Bldg:,Corboy Law Center,Room:,0303,Days:,M,Time:,02:45PM-05:15,Instructor:,"Weisert,Conrad"
Class Enrl Cap:,30,Class Enrl Tot:,8,Class Wait Cap:,0,Class Wait Tot:,0,Class Min Enrl:,0
Room Characteristics:,Electronic Classroom(1)
Combined Section ID:,1685(COMP 378-001/COMP 484-001), -,COMP 378(#5618)

Combined with COMP 378-001
____________________________________________________________________________________________________________________________________________________________,
COMP, 488,301,5634,Top:,Lecture,3,Data Warehouse & Mining,
,,,,,,(In person)
Bldg:,Corboy Law Center,Room:,0201,Days:,W,Time:,04:15PM-06:45,Instructor:,"Naiman,Channah"
Class Enrl Cap:,29,Class Enrl Tot:,8,Class Wait Cap:,0,Class Wait Tot:,0,Class Min Enrl:,0
Room Characteristics:,Lab - Computer(1)
Combined Section ID:,1528(COMP 300-001/COMP 488-301), -,COMP 300(#5604)

Combined with COMP 300-001
____________________________________________________________________________________________________________________________________________________________,
COMP, 488,305,5636,Top:,Lecture,3,Database Administration,
,,,,,,(In person)
Bldg:,School of Communicat,Room:,010,Days:,Tu,Time:,04:15PM-06:45,Instructor:,"Dordal,Peter L"
Class Enrl Cap:,35,Class Enrl Tot:,4,Class Wait Cap:,0,Class Wait Tot:,0,Class Min Enrl:,0
Room Characteristics:,Electronic Classroom(1)
Combined Section ID:,1518(COMP 305-001/COMP 488-305), -,COMP 305(#5606)

Combined with COMP 305-001
____________________________________________________________________________________________________________________________________________________________,
COMP, 488,472,6029,Top:,Lecture,3,Organizational Change & Dev.,
,,,,,,(In person)
Bldg:,Corboy Law Center,Room:,0423,Days:,M,Time:,07:00PM-09:30,Instructor:,"Bevente,Guy"
Class Enrl Cap:,25,Class Enrl Tot:,13,Class Wait Cap:,0,Class Wait Tot:,0,Class Min Enrl:,0
Room Characteristics:,Electronic Classroom(1)
,,,,
Organizational Change and Development
____________________________________________________________________________________________________________________________________________________________,
COMP, 490,001,2170,Independent Project,Supervision,1 - 6,,
,,,,,,(In person)
Bldg:,TBA,Room:,TBA,Days:,TBA,Time:,TBA,Instructor:,"Laufer,Konstantin"
,,,,,,,,,"Thiruvathukal,George"
Class Enrl Cap:,20,Class Enrl Tot:,2,Class Wait Cap:,0,Class Wait Tot:,0,Class Min Enrl:,0
Room Characteristics:,Classroom Not Needed(1)
,,,,
Department Consent Required.
____________________________________________________________________________________________________________________________________________________________,
,,,,,,,,
Report ID:  SR201,Loyola University Chicago,Page No.,26,of,30
Schedule of Classes for Spring 2017,Run Date:,11/11/2016
Campus: Water Tower Campus   Location: Water Tower Campus,Run Time:,13:49:55
Regular Academic Session
College of Arts and Sciences - Computer Science - Subject: Computer Science

____________________________________________________________________________________________________________________________________________________________,Subject,Catalog Nbr,Section,Class Nbr,Course Title,Component,Units,Topics
COMP, 490,002,2171,Independent Project,Supervision,1 - 6,,
,,,,,,(In person)
Bldg:,TBA,Room:,TBA,Days:,TBA,Time:,TBA,Instructor:
Class Enrl Cap:,20,Class Enrl Tot:,0,Class Wait Cap:,0,Class Wait Tot:,0,Class Min Enrl:,0
Room Characteristics:,Classroom Not Needed(1)
,,,,
Department Consent Required.
____________________________________________________________________________________________________________________________________________________________,
COMP, 490,003,2172,Independent Project,Supervision,1 - 6,,
,,,,,,(In person)
Bldg:,TBA,Room:,TBA,Days:,TBA,Time:,TBA,Instructor:
Class Enrl Cap:,20,Class Enrl Tot:,0,Class Wait Cap:,0,Class Wait Tot:,0,Class Min Enrl:,0
Room Characteristics:,Classroom Not Needed(1)
,,,,
Department Consent Required.
____________________________________________________________________________________________________________________________________________________________,
COMP, 490,004,2173,Independent Project,Supervision,1 - 6,,
,,,,,,(In person)
Bldg:,TBA,Room:,TBA,Days:,TBA,Time:,TBA,Instructor:
Class Enrl Cap:,20,Class Enrl Tot:,0,Class Wait Cap:,0,Class Wait Tot:,0,Class Min Enrl:,0
Room Characteristics:,Classroom Not Needed(1)
,,,,
Department Consent Required.
____________________________________________________________________________________________________________________________________________________________,
COMP, 490,005,2174,Independent Project,Supervision,1 - 6,,
,,,,,,(In person)
Bldg:,TBA,Room:,TBA,Days:,TBA,Time:,TBA,Instructor:
Class Enrl Cap:,20,Class Enrl Tot:,0,Class Wait Cap:,0,Class Wait Tot:,0,Class Min Enrl:,0
Room Characteristics:,Classroom Not Needed(1)
,,,,
Department Consent Required.
____________________________________________________________________________________________________________________________________________________________,
COMP, 490,006,2175,Independent Project,Supervision,1 - 6,,
,,,,,,(In person)
Bldg:,TBA,Room:,TBA,Days:,TBA,Time:,TBA,Instructor:
Class Enrl Cap:,20,Class Enrl Tot:,0,Class Wait Cap:,0,Class Wait Tot:,0,Class Min Enrl:,0
Room Characteristics:,Classroom Not Needed(1)
,,,,
Department Consent Required.
____________________________________________________________________________________________________________________________________________________________,
,,,,,,,,
Report ID:  SR201,Loyola University Chicago,Page No.,27,of,30
Schedule of Classes for Spring 2017,Run Date:,11/11/2016
Campus: Water Tower Campus   Location: Water Tower Campus,Run Time:,13:49:55
Regular Academic Session
College of Arts and Sciences - Computer Science - Subject: Computer Science

____________________________________________________________________________________________________________________________________________________________,Subject,Catalog Nbr,Section,Class Nbr,Course Title,Component,Units,Topics
COMP, 490,007,2176,Independent Project,Supervision,1 - 6,,
,,,,,,(In person)
Bldg:,TBA,Room:,TBA,Days:,TBA,Time:,TBA,Instructor:
Class Enrl Cap:,20,Class Enrl Tot:,0,Class Wait Cap:,0,Class Wait Tot:,0,Class Min Enrl:,0
Room Characteristics:,Classroom Not Needed(1)
,,,,
Department Consent Required.
____________________________________________________________________________________________________________________________________________________________,
COMP, 490,008,2224,Independent Project,Supervision,1 - 6,,
,,,,,,(In person)
Bldg:,TBA,Room:,TBA,Days:,TBA,Time:,TBA,Instructor:
Class Enrl Cap:,20,Class Enrl Tot:,0,Class Wait Cap:,0,Class Wait Tot:,0,Class Min Enrl:,0
Room Characteristics:,Classroom Not Needed(1)
,,,,
Department Consent Required.
____________________________________________________________________________________________________________________________________________________________,
COMP, 490,009,3389,Independent Project,Supervision,1 - 6,,
,,,,,,(In person)
Bldg:,TBA,Room:,TBA,Days:,TBA,Time:,TBA,Instructor:
Class Enrl Cap:,20,Class Enrl Tot:,0,Class Wait Cap:,0,Class Wait Tot:,0,Class Min Enrl:,0
Room Characteristics:,Classroom Not Needed(1)
,,,,
Department Consent Required.
____________________________________________________________________________________________________________________________________________________________,
COMP, 490,010,3717,Independent Project,Supervision,1 - 6,,
,,,,,,(In person)
Bldg:,TBA,Room:,TBA,Days:,TBA,Time:,TBA,Instructor:
Class Enrl Cap:,20,Class Enrl Tot:,0,Class Wait Cap:,0,Class Wait Tot:,0,Class Min Enrl:,0
Room Characteristics:,Classroom Not Needed(1)
,,,,
Department Consent Required.
____________________________________________________________________________________________________________________________________________________________,
COMP, 490,011,4587,Independent Project,Supervision,1 - 6,,
,,,,,,(In person)
Bldg:,TBA,Room:,TBA,Days:,TBA,Time:,TBA,Instructor:
Class Enrl Cap:,20,Class Enrl Tot:,0,Class Wait Cap:,0,Class Wait Tot:,0,Class Min Enrl:,0
Room Characteristics:,Classroom Not Needed(1)
,,,,
Department Consent Required.
____________________________________________________________________________________________________________________________________________________________,
,,,,,,,,
Report ID:  SR201,Loyola University Chicago,Page No.,28,of,30
Schedule of Classes for Spring 2017,Run Date:,11/11/2016
Campus: Water Tower Campus   Location: Water Tower Campus,Run Time:,13:49:55
Regular Academic Session
College of Arts and Sciences - Computer Science - Subject: Computer Science

____________________________________________________________________________________________________________________________________________________________,Subject,Catalog Nbr,Section,Class Nbr,Course Title,Component,Units,Topics
COMP, 490,012,4589,Independent Project,Supervision,1 - 6,,
,,,,,,(In person)
Bldg:,TBA,Room:,TBA,Days:,TBA,Time:,TBA,Instructor:
Class Enrl Cap:,20,Class Enrl Tot:,0,Class Wait Cap:,0,Class Wait Tot:,0,Class Min Enrl:,0
Room Characteristics:,Classroom Not Needed(1)
,,,,
Department Consent Required.
____________________________________________________________________________________________________________________________________________________________,
COMP, 490,013,4591,Independent Project,Supervision,1 - 6,,
,,,,,,(In person)
Bldg:,TBA,Room:,TBA,Days:,TBA,Time:,TBA,Instructor:
Class Enrl Cap:,20,Class Enrl Tot:,0,Class Wait Cap:,0,Class Wait Tot:,0,Class Min Enrl:,0
Room Characteristics:,Classroom Not Needed(1)
,,,,
Department Consent required.
____________________________________________________________________________________________________________________________________________________________,
COMP, 490,014,4853,Independent Project,Supervision,1 - 6,,
,,,,,,(In person)
Bldg:,TBA,Room:,TBA,Days:,TBA,Time:,TBA,Instructor:
Class Enrl Cap:,20,Class Enrl Tot:,0,Class Wait Cap:,0,Class Wait Tot:,0,Class Min Enrl:,0
Room Characteristics:,Classroom Not Needed(1)
,,,,
Department Consent required.
____________________________________________________________________________________________________________________________________________________________,
COMP, 499,001,2177,Internship,Independent Study,1 - 6,,
,,,,,,(In person)
Bldg:,TBA,Room:,TBA,Days:,TBA,Time:,TBA,Instructor:,"Sekharan,Chandra N"
,,,,,,,,,"Laufer,Konstantin"
Class Enrl Cap:,20,Class Enrl Tot:,1,Class Wait Cap:,0,Class Wait Tot:,0,Class Min Enrl:,0
Room Characteristics:,Classroom Not Needed(1)
,,,,
This course involves an internship experience.  Department Consent Required.
____________________________________________________________________________________________________________________________________________________________,
COMP, 605,001,2694,Master of Science Study,FTC-Supervision,0,,
,,,,,,(In person)
Bldg:,TBA,Room:,TBA,Days:,TBA,Time:,TBA,Instructor:,"Harrington,Andrew N"
,,,,,,,,,"Laufer,Konstantin"
Class Enrl Cap:,20,Class Enrl Tot:,0,Class Wait Cap:,0,Class Wait Tot:,0,Class Min Enrl:,0
Room Characteristics:,Classroom Not Needed(1)
,,,,
Department Consent Required.
____________________________________________________________________________________________________________________________________________________________,
,,,,,,,,
Report ID:  SR201,Loyola University Chicago,Page No.,29,of,30
Schedule of Classes for Spring 2017,Run Date:,11/11/2016
Campus: Water Tower Campus   Location: Water Tower Campus,Run Time:,13:49:55
Eight Week - Second
College of Arts and Sciences - Computer Science - Subject: Computer Science

____________________________________________________________________________________________________________________________________________________________,Subject,Catalog Nbr,Section,Class Nbr,Course Title,Component,Units,Topics
COMP, 271,400,6051,Data Structs and Apps,Lecture,3,,
,,,,,,(In person)
Bldg:,Lewis Towers,Room:,410,Days:,M,Time:,04:15PM-08:15,Instructor:,"Dordal,Peter L"
Bldg:,Lewis Towers,Room:,415,Days:,W,Time:,04:15PM-06:30,Instructor:,"Dordal,Peter L"
Class Enrl Cap:,14,Class Enrl Tot:,0,Class Wait Cap:,0,Class Wait Tot:,0,Class Min Enrl:,0
Attributes:,Bioinformatics
Room Characteristics:,Lab - Computer(1)

Foundations of Computer Science II.  Eight Week-Second Session.  



"This section is restricted to students with undergraduate degrees.  Department Consent required, and then a Computer Science Department staff member will"
enroll you.  



"Eight weeks after spring break, including two meetings in finals week.  Mondays, 4:15 pm -8:15 pm:  March 13, March 20, March 27, April 3, April 10, April"
"17, April 24, May 1.  Labs meet on Wednesdays, 4:15 pm - 6:30 pm:  March 15, March 22, March 29, April 5, April 12, April 19, April 26, May 3."
____________________________________________________________________________________________________________________________________________________________,
,,,,,,,,
Report ID:  SR201,Loyola University Chicago,Page No.,30,of,30
Schedule of Classes for Spring 2017,Run Date:,11/11/2016
Campus: Water Tower Campus   Location: Water Tower Campus,Run Time:,13:49:55
Eight Week 1 - Alternate
College of Arts and Sciences - Computer Science - Subject: Computer Science

____________________________________________________________________________________________________________________________________________________________,Subject,Catalog Nbr,Section,Class Nbr,Course Title,Component,Units,Topics
COMP, 170,400,6052,Intro Obj-Oriented Prog,Lecture,3,,
,,,,,,(In person)
Bldg:,Corboy Law Center,Room:,0201,Days:,F,Time:,04:15PM-08:15,Instructor:,"Sekharan,Chandra N"
Bldg:,Lewis Towers,Room:,415,Days:,W,Time:,04:15PM-06:30,Instructor:,"Sekharan,Chandra N"
Bldg:,Lewis Towers,Room:,410,Days:,M,Time:,04:15PM-08:15,Instructor:,"Sekharan,Chandra N"
Bldg:,Corboy Law Center,Room:,0201,Days:,F,Time:,04:15PM-08:15,Instructor:,"Sekharan,Chandra N"
Class Enrl Cap:,14,Class Enrl Tot:,0,Class Wait Cap:,0,Class Wait Tot:,0,Class Min Enrl:,0
Attributes:,Bioinformatics
Class Equivalents:,COMP170/ISOM/INFS370
Room Characteristics:,Lab - Computer(1)

Foundations of Computer Science I.  Eight Week-First Session.  



"This section is restricted to students with undergraduate degrees.  Department Consent required, and then a Computer Science Department staff member will"
enroll you.  



"FIRST CLASS EARLY:  Friday before other classes start:  Friday, January 13!  And then on for the next seven weeks, ending before vacation week.  Classes"
"meet from 4:15 pm - 8:15 pm on Fri, Jan 13, and Fri, Jan 20.  And then, 4:15 pm- 8:15 pm for the next 6 Mondays:  Jan 23, Jan 30, Feb 6, Feb 13, Feb 20, Feb"
"27.  Labs meet on Wednesdays, 4:15 pm - 6:30 pm:  Jan 18, Jan 25, Feb 1, Feb 8, Feb 15, Feb 22, Mar 1."
____________________________________________________________________________________________________________________________________________________________,
,,,,,,,,
